step,total_loss,loss_pde,loss_bc,loss_data,E_pred,nu_pred
0,0.18106066725157652,0.0,0.0,0.18106066725157652,60000.0,0.25
500,0.0006493632045350454,0.0,0.0,0.0006493632045350454,60000.0,0.25
1000,0.0002437064587867658,0.0,0.0,0.0002437064587867658,60000.0,0.25
1500,0.00010189014110168661,0.0,0.0,0.00010189014110168661,60000.0,0.25
2000,4.9315296373295945e-05,0.0,0.0,4.9315296373295945e-05,60000.0,0.25
2500,3.1087161376407485e-05,0.0,0.0,3.1087161376407485e-05,60000.0,0.25
3000,2.2744156672907647e-05,0.0,0.0,2.2744156672907647e-05,60000.0,0.25
3500,1.7845733122117317e-05,0.0,0.0,1.7845733122117317e-05,60000.0,0.25
4000,1.4730015625350865e-05,0.0,0.0,1.4730015625350865e-05,60000.0,0.25
4500,1.2256990217536727e-05,0.0,0.0,1.2256990217536727e-05,60000.0,0.25
5000,1.0444381982823692e-05,0.0,0.0,1.0444381982823692e-05,60000.0,0.25
5500,9.000877102500237e-06,0.0,0.0,9.000877102500237e-06,60000.0,0.25
6000,8.474288776990829e-06,0.0,0.0,8.474288776990829e-06,60000.0,0.25
6500,8.668038420767797e-06,0.0,0.0,8.668038420767797e-06,60000.0,0.25
7000,6.1479207239868424e-06,0.0,0.0,6.1479207239868424e-06,60000.0,0.25
7500,5.458263252575346e-06,0.0,0.0,5.458263252575346e-06,60000.0,0.25
8000,4.86180722802741e-06,0.0,0.0,4.86180722802741e-06,60000.0,0.25
8500,4.370677761202664e-06,0.0,0.0,4.370677761202664e-06,60000.0,0.25
9000,4.052238882256914e-06,0.0,0.0,4.052238882256914e-06,60000.0,0.25
9500,3.6072019071060314e-06,0.0,0.0,3.6072019071060314e-06,60000.0,0.25
10000,3.2842112628300235e-06,0.0,0.0,3.2842112628300235e-06,60000.0,0.25
