step,total_loss,loss_pde,loss_bc,loss_data,E_pred,nu_pred
0,23161.35222247353,225648.91362608725,5962.79799197552,0.18106066725157652,49999.9999,0.19990000000000002
